{"_runtime":2123.859117329,"_step":49,"_wandb":{"runtime":2123},"FetchPush/success rate":1,"_timestamp":1.7322535546176825e+09}