{"_timestamp":1.7336717688341053e+09,"_runtime":646.067724275,"_step":0,"_wandb":{"runtime":646},"fetch_pick/success rate":0.03124999813735485}