{"_step":49,"FetchPickAndPlace/success rate":0.9249999523162842,"_wandb":{"runtime":3059},"_timestamp":1.7322884660982933e+09,"_runtime":3059.82385735}