{"_wandb":{"runtime":4348},"FetchPickAndPlace/success rate":0.05000000074505806,"_timestamp":1.732333207138652e+09,"_runtime":4348.499950213,"_step":49}