{"FetchPickAndPlace/success rate":0.05000000074505806,"_timestamp":1.7323332071387727e+09,"_runtime":4348.538282227,"_wandb":{"runtime":4348},"_step":49}