{"_runtime":69.557265033,"_step":0,"fetch_push/success rate":0.05375000089406967,"_timestamp":1.733747302720949e+09,"_wandb":{"runtime":69}}