{"_timestamp":1.7337590430811265e+09,"_wandb":{"runtime":2113},"_runtime":2113.658703616,"_step":49,"fetch_reach/success rate":1}