{"FetchPickAndPlace/success rate":0.05000000074505806,"_timestamp":1.732333207138692e+09,"_runtime":4348.19300482,"_step":49,"_wandb":{"runtime":4348}}