{"fetch_push/success rate":0.05375000089406967,"_timestamp":1.7336712899581225e+09,"_runtime":362.852229703,"_step":0,"_wandb":{"runtime":362}}