{"_step":199,"_wandb":{"runtime":62544},"fetch_slide/success rate":0.5575000047683716,"_timestamp":1.733897033581668e+09,"_runtime":62544.856392561}