{"_runtime":22382.157722085,"_step":49,"fetch_push/success rate":0.9937499761581421,"_wandb":{"runtime":22382},"_timestamp":1.7338567465977526e+09}