{"_runtime":8460.488169117,"_step":199,"FetchSlide/success rate":0.3375000059604645,"_timestamp":1.7325263636883028e+09,"_wandb":{"runtime":8460}}