{"_timestamp":1.732526363688303e+09,"_runtime":8460.515942098,"_step":199,"_wandb":{"runtime":8460},"FetchSlide/success rate":0.3375000059604645}