{"_wandb":{"runtime":9365},"FetchSlide/success rate":0.5625,"_timestamp":1.732296149027297e+09,"_runtime":9365.013391741,"_step":199}