{"_timestamp":1.733671768834115e+09,"_runtime":645.484582295,"_step":0,"_wandb":{"runtime":645},"fetch_pick/success rate":0.03124999813735485}