{"_step":49,"_wandb":{"runtime":4260},"FetchPush/success rate":0.2874999940395355,"_timestamp":1.732333184809213e+09,"_runtime":4260.520763381}