{"_runtime":22382.507072597,"_step":49,"fetch_push/success rate":0.9937499761581421,"_wandb":{"runtime":22382},"_timestamp":1.733856746595032e+09}