{"_timestamp":1.7338894525691385e+09,"_runtime":54116.755100193,"_step":49,"fetch_pick/success rate":0.9206249713897705,"_wandb":{"runtime":54116}}