{"FetchSlide/success rate":0.7125000357627869,"_timestamp":1.7325474848587744e+09,"_runtime":11336.129057894,"_step":199,"_wandb":{"runtime":11336}}