{"_timestamp":1.7338567465942297e+09,"_runtime":22381.835056248,"_step":49,"_wandb":{"runtime":22381},"fetch_push/success rate":0.9937499761581421}