{"FetchPickAndPlace/success rate":0.9249999523162842,"_timestamp":1.7322884660984216e+09,"_runtime":3060.362444693,"_step":49,"_wandb":{"runtime":3060}}