{"_runtime":4348.208363652,"_step":49,"FetchPickAndPlace/success rate":0.05000000074505806,"_timestamp":1.732333207138722e+09,"_wandb":{"runtime":4348}}