{"_runtime":11335.824183869,"_step":199,"FetchSlide/success rate":0.7125000357627869,"_wandb":{"runtime":11335},"_timestamp":1.7325474848587763e+09}