{"_step":0,"fetch_push/success rate":0.05375000089406967,"_timestamp":1.7337473027208967e+09,"_runtime":69.114687229,"_wandb":{"runtime":69}}