{"_wandb":{"runtime":54117},"_runtime":54117.911818432,"_step":49,"fetch_pick/success rate":0.9206249713897705,"_timestamp":1.73388945256905e+09}