{"FetchPickAndPlace/success rate":0.9249999523162842,"_timestamp":1.7322884660983124e+09,"_runtime":3060.457632607,"_step":49,"_wandb":{"runtime":3060}}