{"_wandb":{"runtime":648},"_runtime":648.559194306,"_step":0,"fetch_pick/success rate":0.03124999813735485,"_timestamp":1.7336717688340912e+09}