{"_timestamp":1.7325414927744029e+09,"_runtime":5171.831095916,"_step":49,"_wandb":{"runtime":5171},"FetchPickAndPlace/success rate":0.9124999642372131}