{"_wandb":{"runtime":190109},"AntReacher/success rate":0.97,"_timestamp":1.733486315169974e+09,"_runtime":190097.47777233,"_step":405}