{"_runtime":22382.771636545,"_wandb":{"runtime":22382},"_step":49,"fetch_push/success rate":0.9937499761581421,"_timestamp":1.733856746597756e+09}