{"_timestamp":1.7338894525735416e+09,"_runtime":54119.063945629,"_step":49,"_wandb":{"runtime":54119},"fetch_pick/success rate":0.9206249713897705}