{"_step":0,"fetch_pick/success rate":0.03124999813735485,"_wandb":{"runtime":646},"_timestamp":1.7336717688340907e+09,"_runtime":646.336247591}