{"_wandb":{"runtime":54118},"fetch_pick/success rate":0.9206249713897705,"_timestamp":1.7338894525690436e+09,"_runtime":54118.595411285,"_step":49}