{"_step":199,"_wandb":{"runtime":62545},"fetch_slide/success rate":0.5575000047683716,"_timestamp":1.7338970335817444e+09,"_runtime":62545.425714586}