{"FetchPickAndPlace/success rate":0.9249999523162842,"_timestamp":1.7322884660984204e+09,"_runtime":3060.708357101,"_wandb":{"runtime":3060},"_step":49}