{"_step":199,"_wandb":{"runtime":8460},"FetchSlide/success rate":0.3375000059604645,"_timestamp":1.7325263636883037e+09,"_runtime":8460.495407017}