{"_wandb":{"runtime":2123},"FetchPush/success rate":1,"_timestamp":1.7322535546177003e+09,"_runtime":2123.755317207,"_step":49}