{"_step":199,"FetchSlide/success rate":0.5625,"_timestamp":1.7322961490272863e+09,"_wandb":{"runtime":9364},"_runtime":9364.901498419}