{"_timestamp":1.732245198590064e+09,"_runtime":1662.882914095,"_step":49,"_wandb":{"runtime":1662},"FetchPush/success rate":0.10000000149011612}