{"_timestamp":1.733897033581699e+09,"_runtime":62545.003572692,"_step":199,"_wandb":{"runtime":62545},"fetch_slide/success rate":0.5575000047683716}