{"_step":49,"_wandb":{"runtime":4919},"fetch_push/success rate":0.10999999940395355,"_timestamp":1.7337356891147735e+09,"_runtime":4919.972218052}