{"_runtime":5171.051558031,"_step":49,"_wandb":{"runtime":5171},"FetchPickAndPlace/success rate":0.9124999642372131,"_timestamp":1.73254149277453e+09}