{"_wandb":{"runtime":4348},"FetchPickAndPlace/success rate":0.05000000074505806,"_timestamp":1.7323332071386547e+09,"_runtime":4348.613790883,"_step":49}