{"FetchPush/success rate":1,"_timestamp":1.732540101833871e+09,"_runtime":4157.387561602,"_step":49,"_wandb":{"runtime":4157}}