{"_wandb":{"runtime":9365},"FetchSlide/success rate":0.5625,"_timestamp":1.7322961490272171e+09,"_runtime":9365.030223839,"_step":199}