{"fetch_slide/success rate":0.0012499999720603228,"_timestamp":1.7336714332376072e+09,"_runtime":447.35915642,"_step":0,"_wandb":{"runtime":447}}