{"_step":0,"_wandb":{"runtime":446},"fetch_slide/success rate":0.0012499999720603228,"_timestamp":1.7336714332265263e+09,"_runtime":446.770977234}