{"FetchPickAndPlace/success rate":0.05000000074505806,"_timestamp":1.7323332071386793e+09,"_runtime":4348.346967497,"_step":49,"_wandb":{"runtime":4348}}