{"_timestamp":1.7322884660983133e+09,"_runtime":3059.449020604,"_step":49,"FetchPickAndPlace/success rate":0.9249999523162842,"_wandb":{"runtime":3059}}