{"_timestamp":1.732288466098325e+09,"_runtime":3060.367058146,"_step":49,"_wandb":{"runtime":3060},"FetchPickAndPlace/success rate":0.9249999523162842}