{"_wandb":{"runtime":5170},"FetchPickAndPlace/success rate":0.9124999642372131,"_timestamp":1.7325414927745292e+09,"_runtime":5170.17604099,"_step":49}