{"_wandb":{"runtime":4348},"FetchPickAndPlace/success rate":0.05000000074505806,"_timestamp":1.7323332071386466e+09,"_runtime":4348.182086945,"_step":49}