{"_timestamp":1.7336712899640994e+09,"_runtime":362.087499766,"_step":0,"_wandb":{"runtime":362},"fetch_push/success rate":0.05375000089406967}