{"_wandb":{"runtime":5172},"FetchPickAndPlace/success rate":0.9124999642372131,"_timestamp":1.732541492774445e+09,"_runtime":5172.349210273,"_step":49}