{"_runtime":1206.672519601,"_step":49,"_wandb":{"runtime":1206},"fetch_reach/success rate":1,"_timestamp":1.7336720456515253e+09}