{"_wandb":{"runtime":4348},"_timestamp":1.7323332071387005e+09,"_runtime":4348.239367152,"_step":49,"FetchPickAndPlace/success rate":0.05000000074505806}