{"_wandb":{"runtime":54120},"fetch_pick/success rate":0.9206249713897705,"_timestamp":1.7338894525690703e+09,"_runtime":54119.99464876,"_step":49}