{"fetch_pick/success rate":0.10999999940395355,"_timestamp":1.733738207141728e+09,"_runtime":3275.00759425,"_step":49,"_wandb":{"runtime":3275}}