{"_wandb":{"runtime":5172},"FetchPickAndPlace/success rate":0.9124999642372131,"_timestamp":1.7325414927744772e+09,"_runtime":5172.560372342,"_step":49}