{"_step":49,"_wandb":{"runtime":5170},"FetchPickAndPlace/success rate":0.9124999642372131,"_timestamp":1.7325414927744403e+09,"_runtime":5170.817358705}