{"fetch_slide/success rate":0.5575000047683716,"_wandb":{"runtime":62546},"_timestamp":1.7338970335818188e+09,"_runtime":62546.198299341,"_step":199}