{"_step":199,"_wandb":{"runtime":9365},"FetchSlide/success rate":0.5625,"_timestamp":1.732296149027304e+09,"_runtime":9365.003737454}