{"_runtime":69.399839947,"_step":0,"_wandb":{"runtime":69},"fetch_push/success rate":0.05375000089406967,"_timestamp":1.733747302720889e+09}