{"_wandb":{"runtime":4260},"_timestamp":1.732333184809285e+09,"_runtime":4260.285382092,"_step":49,"FetchPush/success rate":0.2874999940395355}