{"_timestamp":1.733671289965801e+09,"_wandb":{"runtime":362},"_runtime":362.484545027,"_step":0,"fetch_push/success rate":0.05375000089406967}