{"_wandb":{"runtime":9365},"_step":199,"FetchSlide/success rate":0.5625,"_timestamp":1.7322961490272288e+09,"_runtime":9365.243728262}