{"_runtime":2123.84098351,"_step":49,"FetchPush/success rate":1,"_timestamp":1.732253554617715e+09,"_wandb":{"runtime":2123}}