{"_timestamp":1.7323332071386554e+09,"_runtime":4348.565602497,"_step":49,"_wandb":{"runtime":4348},"FetchPickAndPlace/success rate":0.05000000074505806}