{"fetch_pick/success rate":0.6000000238418579,"_wandb":{"runtime":12255},"_timestamp":1.7337251305311363e+09,"_runtime":12255.506266991,"_step":199}