{"_wandb":{"runtime":5172},"FetchPickAndPlace/success rate":0.9124999642372131,"_timestamp":1.7325414927744212e+09,"_runtime":5171.976688542,"_step":49}