{"_step":49,"FetchReach/success rate":1,"_timestamp":1.7325362222879817e+09,"_wandb":{"runtime":369},"_runtime":369.10702487}