{"_runtime":646.860198617,"_step":0,"fetch_pick/success rate":0.03124999813735485,"_timestamp":1.7336717688340995e+09,"_wandb":{"runtime":646}}