{"_timestamp":1.7325401018338537e+09,"_wandb":{"runtime":4157},"_runtime":4157.649762434,"_step":49,"FetchPush/success rate":1}