{"_wandb":{"runtime":5172},"_step":49,"FetchPickAndPlace/success rate":0.9124999642372131,"_timestamp":1.732541492774402e+09,"_runtime":5172.939605224}