{"_step":0,"_wandb":{"runtime":648},"fetch_pick/success rate":0.03124999813735485,"_timestamp":1.7336717688464024e+09,"_runtime":648.221827247}