{"_runtime":54118.98905216,"_step":49,"_wandb":{"runtime":54118},"fetch_pick/success rate":0.9206249713897705,"_timestamp":1.7338894525729089e+09}