{"_timestamp":1.7322884660983233e+09,"_runtime":3060.259450115,"_step":49,"_wandb":{"runtime":3060},"FetchPickAndPlace/success rate":0.9249999523162842}