{"_step":0,"_wandb":{"runtime":645},"fetch_pick/success rate":0.03124999813735485,"_timestamp":1.7336717688343925e+09,"_runtime":645.640150935}