{"_step":0,"_wandb":{"runtime":362},"fetch_push/success rate":0.05375000089406967,"_timestamp":1.7336712899648604e+09,"_runtime":362.673406047}