{"_runtime":11335.719959429,"_step":199,"_wandb":{"runtime":11335},"FetchSlide/success rate":0.7125000357627869,"_timestamp":1.7325474848587751e+09}