{"FetchPickAndPlace/success rate":0.9249999523162842,"_timestamp":1.7322884660982764e+09,"_runtime":3058.989396285,"_wandb":{"runtime":3058},"_step":49}