{"_runtime":9364.815479803,"_wandb":{"runtime":9364},"_step":199,"FetchSlide/success rate":0.5625,"_timestamp":1.732296149027291e+09}