{"_wandb":{"runtime":75241},"AntReacher/success rate":0.78,"_timestamp":1.7332956648246799e+09,"_runtime":75028.573105667,"_step":135}