{"_runtime":5172.722086109,"_wandb":{"runtime":5172},"_step":49,"FetchPickAndPlace/success rate":0.9124999642372131,"_timestamp":1.7325414927744308e+09}