{"_step":49,"FetchPickAndPlace/success rate":0.9124999642372131,"_timestamp":1.7325414927744164e+09,"_wandb":{"runtime":5170},"_runtime":5170.219821801}