{"_timestamp":1.7323331848092108e+09,"_runtime":4260.542557833,"_step":49,"_wandb":{"runtime":4260},"FetchPush/success rate":0.2874999940395355}