{"_runtime":5171.240619105,"_step":49,"_wandb":{"runtime":5171},"FetchPickAndPlace/success rate":0.9124999642372131,"_timestamp":1.7325414927745185e+09}