{"_wandb":{"runtime":62545},"fetch_slide/success rate":0.5575000047683716,"_timestamp":1.733897033581719e+09,"_runtime":62545.945026053,"_step":199}