{"_wandb":{"runtime":4157},"FetchPush/success rate":1,"_timestamp":1.7325401018338087e+09,"_runtime":4157.513461184,"_step":49}