{"_step":49,"_wandb":{"runtime":320},"eval/success rate":1,"_timestamp":1.7321034937557602e+09,"_runtime":320.538094484}