{"FetchPickAndPlace/success rate":0.05000000074505806,"_wandb":{"runtime":4348},"_timestamp":1.732333207138662e+09,"_runtime":4348.433818867,"_step":49}