{"_timestamp":1.7323332071386585e+09,"_runtime":4348.463950586,"_step":49,"FetchPickAndPlace/success rate":0.05000000074505806,"_wandb":{"runtime":4348}}