{"_timestamp":1.7325474848587775e+09,"_runtime":11335.418329561,"_step":199,"_wandb":{"runtime":11335},"FetchSlide/success rate":0.7125000357627869}