{"_step":0,"_wandb":{"runtime":647},"fetch_pick/success rate":0.03124999813735485,"_timestamp":1.7336717688356266e+09,"_runtime":647.875908535}