{"_runtime":361.788707068,"_step":0,"fetch_push/success rate":0.05375000089406967,"_timestamp":1.733671289961301e+09,"_wandb":{"runtime":361}}