{"_step":49,"_wandb":{"runtime":4260},"FetchPush/success rate":0.2874999940395355,"_timestamp":1.7323331848092155e+09,"_runtime":4260.398036834}