{"_wandb":{"runtime":54117},"_runtime":54117.637537697,"_step":49,"fetch_pick/success rate":0.9206249713897705,"_timestamp":1.7338894525757952e+09}