{"_timestamp":1.7336714332265482e+09,"_wandb":{"runtime":446},"_runtime":446.50031984,"_step":0,"fetch_slide/success rate":0.0012499999720603228}