{"_runtime":4157.573588206,"_wandb":{"runtime":4157},"_step":49,"FetchPush/success rate":1,"_timestamp":1.7325401018338268e+09}