{"FetchSlide/success rate":0.7125000357627869,"_timestamp":1.73254748485878e+09,"_runtime":11335.642065102,"_wandb":{"runtime":11335},"_step":199}