{"_timestamp":1.7323331848092792e+09,"_runtime":4260.320080805,"_step":49,"_wandb":{"runtime":4260},"FetchPush/success rate":0.2874999940395355}