{"_runtime":69.67857744,"_step":0,"_wandb":{"runtime":69},"fetch_push/success rate":0.05375000089406967,"_timestamp":1.7337473027208972e+09}