{"FetchPush/success rate":1,"_timestamp":1.7325401018338113e+09,"_runtime":4156.967864163,"_step":49,"_wandb":{"runtime":4156}}