{"_wandb":{"runtime":3060},"FetchPickAndPlace/success rate":0.9249999523162842,"_timestamp":1.7322884660982728e+09,"_runtime":3060.543947764,"_step":49}