{"_timestamp":1.7338970335866377e+09,"_runtime":62545.766337321,"_wandb":{"runtime":62545},"_step":199,"fetch_slide/success rate":0.5575000047683716}