{"fetch_push/success rate":0.9937499761581421,"_timestamp":1.7338567466025224e+09,"_runtime":22382.383928322,"_step":49,"_wandb":{"runtime":22382}}