{"_timestamp":1.733889452569003e+09,"_runtime":54116.906911987,"_wandb":{"runtime":54116},"_step":49,"fetch_pick/success rate":0.9206249713897705}