{"_wandb":{"runtime":9365},"FetchSlide/success rate":0.5625,"_timestamp":1.7322961490272875e+09,"_runtime":9364.959361798,"_step":199}