{"_timestamp":1.733758970987554e+09,"_runtime":2146.812408829,"_step":49,"_wandb":{"runtime":2146},"fetch_reach/success rate":1}