{"fetch_push/success rate":0.9937499761581421,"_timestamp":1.7338567465942714e+09,"_runtime":22383.256843335,"_step":49,"_wandb":{"runtime":22383}}