{"_timestamp":1.7322884660984201e+09,"_runtime":3060.563830755,"_wandb":{"runtime":3060},"_step":49,"FetchPickAndPlace/success rate":0.9249999523162842}