{"_step":0,"_wandb":{"runtime":649},"fetch_pick/success rate":0.03124999813735485,"_timestamp":1.733671768846567e+09,"_runtime":649.40269437}