{"_runtime":1874.714063854,"_step":49,"_wandb":{"runtime":1874},"fetch_reach/success rate":1,"_timestamp":1.7337584614728076e+09}