{"_runtime":4260.334289852,"_step":49,"_wandb":{"runtime":4260},"FetchPush/success rate":0.2874999940395355,"_timestamp":1.732333184809353e+09}