{"fetch_pick/success rate":0.9206249713897705,"_timestamp":1.733889452569168e+09,"_runtime":54118.385604461,"_step":49,"_wandb":{"runtime":54118}}