{"_wandb":{"runtime":4260},"FetchPush/success rate":0.2874999940395355,"_timestamp":1.732333184809223e+09,"_runtime":4260.241099255,"_step":49}