{"_wandb":{"runtime":10677},"FetchSlide/success rate":0.3375000059604645,"_timestamp":1.7323394877976286e+09,"_runtime":10677.39778683,"_step":199}