{"fetch_pick/success rate":0.9206249713897705,"_timestamp":1.7338894525721326e+09,"_wandb":{"runtime":54116},"_runtime":54116.680955424,"_step":49}