{"_wandb":{"runtime":4158},"_runtime":4158.326748205,"_step":49,"FetchPush/success rate":1,"_timestamp":1.7325401018337939e+09}