{"_timestamp":1.73228846609833e+09,"_runtime":3060.520081901,"_step":49,"_wandb":{"runtime":3060},"FetchPickAndPlace/success rate":0.9249999523162842}