{"_runtime":314.973032406,"_step":49,"eval/success rate":1,"_wandb":{"runtime":315},"_timestamp":1.7321045740901928e+09}