{"_step":49,"fetch_pick/success rate":0.9206249713897705,"_timestamp":1.7338894525690615e+09,"_wandb":{"runtime":54117},"_runtime":54117.71496529}