{"_step":49,"_wandb":{"runtime":3060},"FetchPickAndPlace/success rate":0.9249999523162842,"_timestamp":1.7322884660983276e+09,"_runtime":3060.30392019}