{"_wandb":{"runtime":4157},"_step":49,"FetchPush/success rate":1,"_timestamp":1.7325401018338094e+09,"_runtime":4157.183185161}