{"_wandb":{"runtime":5169},"FetchPickAndPlace/success rate":0.9124999642372131,"_timestamp":1.7325414927744496e+09,"_runtime":5169.973633623,"_step":49}