{"FetchSlide/success rate":0.3375000059604645,"_timestamp":1.7323394877976398e+09,"_runtime":10677.383302525,"_step":199,"_wandb":{"runtime":10677}}