{"_runtime":2123.842519945,"_step":49,"_wandb":{"runtime":2123},"FetchPush/success rate":1,"_timestamp":1.7322535546176305e+09}