{"_wandb":{"runtime":2141},"fetch_reach/success rate":1,"_timestamp":1.733759039619794e+09,"_runtime":2141.458158152,"_step":49}