{"_timestamp":1.7336717688340821e+09,"_wandb":{"runtime":649},"_runtime":649.232098164,"_step":0,"fetch_pick/success rate":0.03124999813735485}