{"FetchPush/success rate":1,"_wandb":{"runtime":4157},"_timestamp":1.7325401018337984e+09,"_runtime":4157.777689066,"_step":49}