{"_wandb":{"runtime":10677},"FetchSlide/success rate":0.3375000059604645,"_timestamp":1.732339487797615e+09,"_runtime":10677.381667765,"_step":199}