{"_timestamp":1.7323394877975416e+09,"_runtime":10677.391362373,"_step":199,"FetchSlide/success rate":0.3375000059604645,"_wandb":{"runtime":10677}}