{"_runtime":4348.64312582,"_step":49,"_wandb":{"runtime":4348},"FetchPickAndPlace/success rate":0.05000000074505806,"_timestamp":1.7323332071386833e+09}