{"_step":49,"_wandb":{"runtime":2123},"FetchPush/success rate":1,"_timestamp":1.7322535546176314e+09,"_runtime":2123.834353624}