{"FetchReach/success rate":1,"_timestamp":1.7325181991119468e+09,"_runtime":364.41861053,"_step":49,"_wandb":{"runtime":364}}