{"_runtime":3060.344625017,"_step":49,"FetchPickAndPlace/success rate":0.9249999523162842,"_timestamp":1.7322884660982528e+09,"_wandb":{"runtime":3060}}