{"_timestamp":1.7338894525690184e+09,"_runtime":54117.385945444,"_step":49,"_wandb":{"runtime":54117},"fetch_pick/success rate":0.9206249713897705}