{"_runtime":447.051738495,"_step":0,"fetch_slide/success rate":0.0012499999720603228,"_wandb":{"runtime":447},"_timestamp":1.7336714332459824e+09}