{"_wandb":{"runtime":5171},"_timestamp":1.732541492774427e+09,"_runtime":5171.183312246,"_step":49,"FetchPickAndPlace/success rate":0.9124999642372131}