{"_runtime":647.634719448,"_step":0,"fetch_pick/success rate":0.03124999813735485,"_timestamp":1.7336717688463788e+09,"_wandb":{"runtime":647}}