{"_step":43,"_wandb":{"runtime":4140},"fetch_pick/success rate":0.05000000074505806,"_timestamp":1.7337348482388065e+09,"_runtime":4116.29300043}