{"AntReacher/success rate":0.99,"_timestamp":1.733824918753465e+09,"_runtime":154848.458800972,"_step":499,"_wandb":{"runtime":154848}}