{"fetch_push/success rate":0.9937499761581421,"_timestamp":1.7338567465941586e+09,"_runtime":22382.801152193,"_step":49,"_wandb":{"runtime":22382}}