{"_timestamp":1.7338970335816698e+09,"_runtime":62545.215651131,"_step":199,"_wandb":{"runtime":62545},"fetch_slide/success rate":0.5575000047683716}