{"_runtime":3060.408258268,"_step":49,"_wandb":{"runtime":3060},"FetchPickAndPlace/success rate":0.9249999523162842,"_timestamp":1.7322884660983064e+09}