{"_step":0,"_wandb":{"runtime":649},"fetch_pick/success rate":0.03124999813735485,"_timestamp":1.7336717688341315e+09,"_runtime":649.026019965}