{"_runtime":11335.221468283,"_wandb":{"runtime":11335},"_step":199,"FetchSlide/success rate":0.7125000357627869,"_timestamp":1.7325474848587763e+09}