{"_wandb":{"runtime":8460},"FetchSlide/success rate":0.3375000059604645,"_timestamp":1.7325263636883004e+09,"_runtime":8460.515001877,"_step":199}