{"_wandb":{"runtime":10677},"_runtime":10677.352381795,"_step":199,"FetchSlide/success rate":0.3375000059604645,"_timestamp":1.7323394877976048e+09}