{"_wandb":{"runtime":68},"_step":0,"fetch_push/success rate":0.05375000089406967,"_timestamp":1.7337473027208788e+09,"_runtime":68.876364376}