{"_wandb":{"runtime":54118},"_step":49,"fetch_pick/success rate":0.9206249713897705,"_timestamp":1.733889452574995e+09,"_runtime":54118.594272688}