{"FetchPickAndPlace/success rate":0.9124999642372131,"_timestamp":1.7325414927744405e+09,"_wandb":{"runtime":5171},"_runtime":5171.807468177,"_step":49}