{"_wandb":{"runtime":54119},"fetch_pick/success rate":0.9206249713897705,"_timestamp":1.733889452569191e+09,"_runtime":54119.592536037,"_step":49}