{"_wandb":{"runtime":8460},"_timestamp":1.732526363688295e+09,"_runtime":8460.507777149,"_step":199,"FetchSlide/success rate":0.3375000059604645}